³µºÅ,Label,CollectTime
1,1,2020/8/30 21:36
2,0,
3,1,2020/8/12 8:36
4,0,
5,1,2021/1/6 16:24
6,0,
7,0,
8,0,
9,0,
10,0,
11,0,
12,1,2020/8/27 7:26
13,1,2020/11/22 14:51
14,0,
15,1,2021/1/12 21:57
16,0,
17,1,2020/12/16 13:39
18,1,2020/11/11 22:00
19,1,2020/11/7 1:41
20,0,
21,0,
22,0,
23,0,
24,0,
25,1,2020/12/24 16:02
26,0,
27,0,
28,1,2020/11/21 23:36
29,0,
30,0,
31,0,
32,0,
33,1,2020/12/28 17:49
34,0,
35,1,2020/9/6 23:43
36,1,2020/9/20 15:50
37,1,2020/8/5 15:05
38,1,2020/10/12 21:25
39,0,
40,0,
41,1,2020/9/17 13:29
42,1,2020/8/3 11:31
43,1,2020/11/25 22:51
44,1,2020/10/9 0:42
45,1,2020/8/8 17:14
46,0,
47,1,2020/12/15 11:17
48,0,
49,0,
50,1,2021/1/31 13:18
51,0,
52,1,2020/8/15 13:01
53,0,
54,0,
55,0,
56,1,2020/10/10 20:04
57,0,
58,1,2020/12/23 7:54
59,1,2020/12/14 21:57
60,1,2021/1/7 20:40
61,1,2020/12/5 13:36
62,1,2020/11/13 14:27
63,0,
64,1,2021/1/2 3:34
65,1,2021/1/7 20:45
66,1,2020/10/19 11:33
67,0,
68,1,2020/10/12 15:23
69,1,2020/11/5 14:18
70,0,
71,1,2020/11/11 23:07
72,0,
73,1,2020/11/29 11:23
74,1,2021/1/30 14:07
75,0,
76,1,2020/8/11 15:02
77,1,2020/10/20 13:43
78,0,
79,0,
80,0,
81,0,
82,0,
83,1,2020/8/15 16:44
84,0,
85,1,2020/10/22 9:00
86,0,
87,0,
88,0,
89,1,2020/11/3 1:38
90,0,
91,0,
92,0,
93,0,
94,1,2020/11/6 4:40
95,0,
96,0,
97,1,2021/1/14 8:41
98,1,2020/11/17 14:36
99,1,2021/1/19 19:09
100,0,
101,0,
102,0,
103,0,
104,0,
105,1,2020/12/28 9:18
106,0,
107,0,
108,0,
109,0,
110,1,2020/12/8 10:58
111,0,
112,1,2020/8/23 14:18
113,1,2020/11/19 10:11
114,0,
115,0,
116,0,
117,0,
118,0,
119,1,2021/1/7 12:46
120,1,2020/9/2 2:21
